train,test,seed,n_train,train_attack_rate,best_iter,n_test,test_attack_rate,threshold,macro_f1,pr_auc,recall,realized_fpr,oracle_recall_1fpr
A,A,0,1000000,0.064209,244,258000,0.05887984496124031,0.12093163412921563,0.854516649883734,0.7977554309839662,0.7125929826871173,0.015695464336165463,0.6977815811993944
A,B,0,1000000,0.064209,244,49000,0.15389795918367347,0.12093163412921563,0.4934243725593505,0.3266952153224395,0.03858904654555099,0.008056151860874598,0.04906511072802015
A,A,1,1000000,0.064209,230,258000,0.05887984496124031,0.11965037588214635,0.8521895532127826,0.7972304631796945,0.7119346981765519,0.016354418493548427,0.6981107234546771
A,B,1,1000000,0.064209,230,49000,0.15389795918367347,0.11965037588214635,0.4796575745946393,0.28835784042966917,0.022145604031295583,0.003232108830410767,0.047075984617424745
A,A,2,1000000,0.064209,175,258000,0.05887984496124031,0.11575936619361972,0.852825173188228,0.7960496333786561,0.7122638404318347,0.016189679954202688,0.6973866104930551
A,B,2,1000000,0.064209,175,49000,0.15389795918367347,0.11575936619361972,0.4870728209893196,0.3257645384356064,0.030499933695796313,0.0049928845365300656,0.052380320912345846
B,A,0,224191,0.14551877640047994,117,258000,0.05887984496124031,0.6709243610820426,0.5164238182929379,0.07003777383370013,0.038509643868079785,0.007981582231301146,0.039233756829701795
B,B,0,224191,0.14551877640047994,117,49000,0.15389795918367347,0.6709243610820426,0.9094076539050644,0.9234957140083878,0.7813287362418777,0.012518391664053644,0.729611457366397
B,A,1,224191,0.14551877640047994,165,258000,0.05887984496124031,0.6753712384871516,0.5133886485932889,0.06616089925732789,0.036600618787439934,0.010098472461893916,0.036600618787439934
B,B,1,224191,0.14551877640047994,165,49000,0.15389795918367347,0.6753712384871516,0.9147954519134787,0.924582626795437,0.797506961941387,0.012735473600424516,0.7280201564779207
B,A,2,224191,0.14551877640047994,147,258000,0.05887984496124031,0.672167275513172,0.5180577141916436,0.0806721780979729,0.038114673161740505,0.00523868555119456,0.039694555987097625
B,B,2,224191,0.14551877640047994,147,49000,0.15389795918367347,0.672167275513172,0.9092111995678764,0.9215780705396868,0.7815939530566238,0.012711353385272196,0.7339875348097069
